<?xml version="1.0" encoding="UTF-8"?>
<!DOCTYPE mapper
    PUBLIC "-//mybatis.org//DTD Mapper 3.0//EN"
    "http://mybatis.org/dtd/mybatis-3-mapper.dtd">

<mapper namespace="com.javalec.team.dao.ReviewDao"> <!-- dao파일 경로 --> 

    <select id="list" parameterType="hashmap" resultType="com.javalec.team.dto.ReviewDto">
        <![CDATA[
        		select nn ,rn, r_code, r_name, u_id, b_code, r_date, r_rate, r_good, m_code, m_title from(
        		select rownum as nn, rownum as rn, r_code, r_name, u_id, b_code, r_date, r_rate, r_good, m_code, m_title
        		from review where rownum <= #{pageNum} * #{amount}  order by r_code desc)
        	where rn > (#{pageNum} -1) * #{amount}
        ]]>
    </select>

    <select id="newList" parameterType="hashmap" resultType="com.javalec.team.dto.ReviewDto">
        <![CDATA[
        		select nn ,rn, r_code, r_name, u_id, b_code, r_date, r_rate, r_good, m_code, m_title from(
        		select rownum as nn, rownum as rn, r_code, r_name, u_id, b_code, r_date, r_rate, r_good, m_code, m_title
        		from review where rownum <= #{pageNum} * #{amount} and m_code=#{m_code} order by r_code desc)
        	where rn > (#{pageNum} -1) * #{amount}
        ]]>
    </select>

    <select id="searchMovieTitle" parameterType="hashmap" resultType="com.javalec.team.dto.ReviewDto">
        <![CDATA[
        		select nn ,rn, r_code, r_name, u_id, b_code, r_date, r_rate, r_good, m_code, m_title from(
        		select rownum as nn, rownum as rn, r_code, r_name, u_id, b_code, r_date, r_rate, r_good, m_code, m_title
        		from review where rownum <= #{pageNum} * #{amount} and m_title like '%'||#{title}||'%' order by r_code desc)
        	where rn > (#{pageNum} -1) * #{amount}
        ]]>
    </select>

    <select id="searchContent" parameterType="hashmap" resultType="com.javalec.team.dto.ReviewDto">
        <![CDATA[
        		select nn ,rn, r_code, r_name, u_id, b_code, r_date, r_rate, r_good, m_code, m_title from(
        		select rownum as nn, rownum as rn, r_code, r_name, u_id, b_code, r_date, r_rate, r_good, m_code, m_title
        		from review where rownum <= #{pageNum} * #{amount} and r_name like '%'||#{title}||'%' order by r_code desc)
        	where rn > (#{pageNum} -1) * #{amount}
        ]]>
    </select>

    <select id="searchMovieTitle1" parameterType="hashmap" resultType="com.javalec.team.dto.ReviewDto">
        <![CDATA[
        		select nn ,rn, r_code, r_name, u_id, b_code, r_date, r_rate, r_good, m_code, m_title from(
        		select rownum as nn, rownum as rn, r_code, r_name, u_id, b_code, r_date, r_rate, r_good, m_code, m_title
        		from review where rownum <= #{pageNum} * #{amount} and m_code=#{m_code} and m_title like '%'||#{title}||'%' order by r_code desc)
        	where rn > (#{pageNum} -1) * #{amount}
        ]]>
    </select>

    <select id="searchContent1" parameterType="hashmap" resultType="com.javalec.team.dto.ReviewDto">
        <![CDATA[
        		select nn ,rn, r_code, r_name, u_id, b_code, r_date, r_rate, r_good, m_code, m_title from(
        		select rownum as nn, rownum as rn, r_code, r_name, u_id, b_code, r_date, r_rate, r_good, m_code, m_title
        		from review where rownum <= #{pageNum} * #{amount} and m_code=#{m_code} and r_name like '%'||#{title}||'%' order by r_code desc)
        	where rn > (#{pageNum} -1) * #{amount}
        ]]>
    </select>

   <!-- <insert id="write" parameterType="hashmap">getrcode
   		insert into review(r_code, r_name, u_id, r_rate, r_good)
   		 values(review_seq.nextval, #{r_name}, #{u_id}, #{r_rate}, 0)
   		 where b_code=#{b_code}
    </insert> -->

   <insert id="write" parameterType="hashmap">
   		insert into review(r_code, r_name, u_id, r_rate, r_good, b_code, m_code, m_title)
   		 values(#{r_code}, #{r_name}, #{u_id}, #{r_rate}, 0, #{b_code}, #{m_code}, #{m_title})
    </insert>
    
    <select id="reviewcheck" parameterType="hashmap" resultType="com.javalec.team.dto.ReviewDto">
    	select * from review where m_code=#{m_code} and u_id=#{u_id}
    </select>
    
    <select id="getTotal" resultType="int">
        select count(*) from review
    </select>
    
     <select id="getrcode" resultType="int">
        select max(r_code) from review
    </select>
    
    
    <select id="show" parameterType="hashmap" resultType="com.javalec.team.dto.ReviewDto">
        select * from review where r_code=#{r_code}
    </select>
    
    <select id="num" resultType="int">
        select count(*) from review
    </select>
    
    <delete id="delete" parameterType="hashmap">
        delete from review where r_code=#{r_code}
    </delete>
    
    <update id="modify" parameterType="hashmap">
    	update review set r_name= #{r_name}, r_rate=#{r_rate} where r_code=#{r_code}
    </update>
    
    <update id="upGood" parameterType="hashmap">
    	update review set r_good = r_good+1 where r_code=#{r_code}
    </update>
    
    <update id="insertRate" parameterType="hashmap">
    	update movie set m_rate=#{r_rate} where m_code=#{m_code}
    </update>
    
    <select id="getMcode" parameterType="hashmap" resultType="com.javalec.team.dto.ReviewDto">
    	select m_code from book where u_id=#{u_id}
    </select>
    
    <select id="getRateAvg" parameterType="hashmap" resultType="com.javalec.team.dto.ReviewDto">
    	select ceil(avg(nvl(r_rate, 0))) as r_rate from review where m_code=#{m_code}
    </select>
    
    
</mapper>