<?xml version="1.0" encoding="UTF-8"?>
<!DOCTYPE mapper
    PUBLIC "-//mybatis.org//DTD Mapper 3.0//EN"
    "http://mybatis.org/dtd/mybatis-3-mapper.dtd">

<mapper namespace="com.javalec.team.dao.NoticeDao"> <!-- dao파일 경로 --> 

    <select id="listPaging" resultType="com.javalec.team.dto.NoticeDto">
        <![CDATA[
        		select nn ,rn, n_code, u_id, n_title, n_content, n_date, n_view, n_num from(
        		select rownum as nn, rownum as rn, n_code, u_id, n_title, n_content, n_date, n_view, n_num
        		from notice_t where rownum <= #{pageNum} * #{amount}  order by n_code desc)
        	where rn > (#{pageNum} -1) * #{amount}
        ]]>
    </select>

    <select id="searchTitle" resultType="com.javalec.team.dto.NoticeDto">
        <![CDATA[
        		select nn ,rn, n_code, u_id, n_title, n_content, n_date, n_view, n_num from(
        		select rownum as nn, rownum as rn, n_code, u_id, n_title, n_content, n_date, n_view, n_num
        		from notice_t where rownum <= #{pageNum} * #{amount} and n_title like '%'||#{search}||'%' order by n_code desc)
        	where rn > (#{pageNum} -1) * #{amount}
        ]]>
    </select>
    
    <select id="searchContent" resultType="com.javalec.team.dto.NoticeDto">
        <![CDATA[
        		select nn ,rn, n_code, u_id, n_title, n_content, n_date, n_view, n_num from(
        		select rownum as nn, rownum as rn, n_code, u_id, n_title, n_content, n_date, n_view, n_num
        		from notice_t where rownum <= #{pageNum} * #{amount} and n_content like '%'||#{search}||'%' order by n_code desc)
        	where rn > (#{pageNum} -1) * #{amount}
        ]]>
    </select>
    
        <!-- 게시물 총 개숫 -->
    <select id="getTotal" resultType="int">
        select count(*) from notice_t
    </select>

    <select id="list" parameterType="hashmap" resultType="com.javalec.team.dto.NoticeDto">
        select * from notice_t order by n_code desc
    </select>

   <insert id="write" parameterType="hashmap">
   		insert into notice_t(n_code, u_id, n_title, n_content, n_view, n_num)
   		 values(notice_seq.nextval, #{u_id}, #{n_title}, #{n_content}, 0, #{n_num}+1)
    </insert>
    
    <select id="show" parameterType="hashmap" resultType="com.javalec.team.dto.NoticeDto">
        select * from notice_t where n_code=#{n_code}
    </select>
    
    <select id="num" resultType="int">
        select count(*) from notice_t
    </select>
    
    <delete id="delete" parameterType="hashmap">
        delete from notice_t where n_code=#{n_code}
    </delete>
    
    <update id="modify" parameterType="hashmap">
    	update notice_t set n_title = #{n_title}, n_content=#{n_content} where n_code=#{n_code}
    </update>
    
    <update id="upView" parameterType="hashmap">
    	update notice_t set n_view = n_view+1 where n_code=#{n_code}
    </update>
    
</mapper>