<?xml version="1.0" encoding="UTF-8"?>
<!DOCTYPE mapper
    PUBLIC "-//mybatis.org//DTD Mapper 3.0//EN"
    "http://mybatis.org/dtd/mybatis-3-mapper.dtd">

<mapper namespace="com.javalec.team.dao.QnaDao"> <!-- dao파일 경로 --> 

    <select id="newListPaging" resultType="com.javalec.team.dto.QnaDto">
        <![CDATA[
        		select rn, q_code, u_id, q_title, q_content, q_date, q_category, q_num, q_email, q_answer from(
        		select rownum as rn, q_code, u_id, q_title, q_content, q_date, q_category, q_num, q_email, q_answer from(
        		select q_code, u_id, q_title, q_content, q_date, q_category, q_num, q_email, q_answer 
        		from qna where q_email=#{q_email}) where rownum <= #{pageNum} * #{amount}  order by q_code desc)
        	where rn > (#{pageNum} -1) * #{amount}
        ]]>
    </select>

    <select id="listPaging" resultType="com.javalec.team.dto.QnaDto">
        <![CDATA[
        		select rn, q_code, u_id, q_title, q_content, q_date, q_category, q_num, q_email, q_answer from(
        		select rownum as rn, q_code, u_id, q_title, q_content, q_date, q_category, q_num, q_email, q_answer
        		from qna where rownum <= #{pageNum} * #{amount}  order by q_code desc)
        	where rn > (#{pageNum} -1) * #{amount}
        ]]>
    </select>

        <!-- 게시물 총 갯수 -->
    <select id="getTotal" resultType="int">
        select count(*) from qna
    </select>

        <!-- 해당 이메일의 게시물 총 갯수 -->
    <select id="newGetTotal" resultType="int">
        select count(*) from qna where q_email=#{q_email}
    </select>

    <select id="list" parameterType="hashmap" resultType="com.javalec.team.dto.QnaDto">
        select * from qna order by q_code desc
    </select>

    <select id="newList" parameterType="hashmap" resultType="com.javalec.team.dto.QnaDto">
        select * from qna where q_email=#{q_email} order by q_code desc
    </select>

   <insert id="write" parameterType="hashmap">
   		insert into qna(q_code, u_id, q_category, q_title, q_content, q_num, q_email, q_answer)
   		 values(qna_seq.nextval, #{u_id}, #{q_category}, #{q_title}, #{q_content}, #{q_num}+1, #{q_email}, #{q_answer})
    </insert>
    
    <select id="show" parameterType="hashmap" resultType="com.javalec.team.dto.QnaDto">
        select * from qna where q_code=#{q_code}
    </select>
    
    <select id="num" resultType="int">
        select count(*) from qna
    </select>
    
    <delete id="delete" parameterType="hashmap">
        delete from qna where q_code=#{q_code}
    </delete>
    
    <update id="modify" parameterType="hashmap">
    	update qna set q_category = #{q_category}, q_title = #{q_title}, q_content=#{q_content}, q_answer=#{q_answer}
    	 where q_code=#{q_code}
    </update>
    
</mapper>