<?xml version="1.0" encoding="UTF-8"?>
<!DOCTYPE mapper
    PUBLIC "-//mybatis.org//DTD Mapper 3.0//EN"
    "http://mybatis.org/dtd/mybatis-3-mapper.dtd">

<mapper namespace="com.javalec.team.dao.UserDao">

    <select id="loginYn" resultType="com.javalec.team.dto.UserDto">
        select u_pwd,u_auth from user_t where u_id=#{u_id} 
    </select>
	
	<insert id="write" parameterType="hashmap">
        insert into user_t(u_id, u_pwd, u_name, u_birth, u_email, u_tel, u_addr1, u_addr2, u_addr3, u_date) 
        values(#{u_id}, #{u_pwd}, #{u_name}, #{u_birth}, #{u_email}, #{u_tel}, #{u_addr1}, #{u_addr2}, #{u_addr3}, sysdate)
    </insert>
    
    <delete id="outUser">
		delete from user_t where u_id=#{u_id}
    </delete>
    <insert id="editUser" parameterType="hashmap">
        update user_t set u_pwd = #{u_pwd}, u_birth = #{u_birth}, u_email = #{u_email}, u_tel = #{u_tel}, 
        u_addr1 = #{u_addr1}, u_addr2 = #{u_addr2}, u_addr3 = #{u_addr3} where u_id = #{u_id} 
    </insert>
    <select id="checkId" resultType="com.javalec.team.dto.UserDto">
      <!-- select count(*) as check from user_t where u_id= '#{u_id}' -->
      select count(*) as uidcheck from user_t where u_id= #{u_id}
	</select>

    <select id="confirmUserId" resultType="com.javalec.team.dto.UserDto">
        select * from user_t where u_id=#{u_id}
    </select>
    
    <select id="tryToFindId" resultType="com.javalec.team.dto.UserDto">
        select u_id from user_t where u_email=#{u_email} 
    </select>

    <select id="tryToFinPwd" resultType="com.javalec.team.dto.UserDto">
        select u_pwd from user_t where u_id=#{u_id} and u_email=#{u_email} 
    </select>
    
    
    
     <select id="getMyReviewList" resultType="com.javalec.team.dto.ReviewDto">
        select r_code,r_name,u_id,r_rate,b_code,b_yn,R_date
        from review where u_id=#{u_id}
     </select>
     <select id="getMyFaqList" resultType="com.javalec.team.dto.FaqDto">
        select f_code,u_id,f_category,f_title, f_content
        from faq where u_id=#{u_id}
     </select>
      <select id="getMyNotice_tList" resultType="com.javalec.team.dto.NoticeDto">
        select n_code,u_id,n_title,n_content, n_view
        from notice_t where u_id=#{u_id}
     </select>
       <select id="getMyQnaList" resultType="com.javalec.team.dto.QnaDto">
        select q_code,u_id,q_category,q_title, q_content,q_email,q_answer
        from qna where u_id=#{u_id}
     </select>
       <select id="getMygoodsList" resultType="com.javalec.team.dto.GoodsDto">
        select h_code,u_id,c_amount,g_code, g_price
        from history where u_id=#{u_id}
     </select> 
  
</mapper>